image_id,label
img_01867,44
img_03522,58
img_04720,27
img_06213,77
img_00239,50
img_00133,43
img_01463,4
img_05378,80
img_04537,9
img_02090,59
img_04762,72
img_03111,88
img_05159,77
img_01551,41
img_03551,81
img_02903,85
img_08036,35
img_02512,72
img_05701,80
img_01792,78
img_05737,63
img_02623,26
img_01476,30
img_02317,50
img_05034,63
img_08132,81
img_06532,49
img_00952,80
img_04191,36
img_02811,76
img_06786,89
img_07201,37
img_00662,45
img_00471,80
img_03781,57
img_08178,55
img_03730,88
img_06344,77
img_01360,91
img_06107,57
img_05283,79
img_04280,83
img_00680,66
img_03499,76
img_06694,5
img_00968,12
img_07013,50
img_00461,89
img_06014,75
img_06333,11
img_04359,10
img_03233,79
img_06298,70
img_01761,51
img_07467,76
img_05720,10
img_02561,90
img_00637,9
img_03142,5
img_05446,72
img_07701,38
img_02537,45
img_04176,53
img_07549,39
img_02384,59
img_06158,36
img_01325,34
img_07142,42
img_04412,75
img_00190,80
img_03031,71
img_04254,36
img_02393,60
img_07424,84
img_01621,70
img_03080,29
img_07493,98
img_02583,2
img_01014,10
img_02075,84
img_06488,43
img_01709,11
img_07610,11
img_05604,30
img_00193,90
img_05528,89
img_01055,98
img_02391,36
img_06751,73
img_05429,81
img_06494,29
img_07624,50
img_00646,78
img_00569,47
img_07212,40
img_01921,15
img_06715,50
img_01309,46
img_02912,33
img_05759,87
img_04411,70
img_05571,41
img_01615,15
img_05426,45
img_00022,24
img_02255,16
img_04100,54
img_00854,64
img_01754,59
img_03694,19
img_00435,11
img_00742,34
img_08175,94
img_00360,71
img_07113,93
img_08087,90
img_04634,73
img_06373,90
img_02775,73
img_01104,49
img_04237,84
img_05355,86
img_05539,11
img_01939,16
img_03988,73
img_06209,53
img_06217,93
img_06804,43
img_01822,74
img_06380,94
img_07259,50
img_00060,55
img_07319,93
img_07119,72
img_07892,71
img_01391,28
img_01087,15
img_03376,36
img_05243,80
img_00623,72
img_07733,22
img_00483,89
img_07795,17
img_00494,52
img_06986,54
img_06322,83
img_01832,67
img_06605,4
img_03338,79
img_05338,63
img_05082,88
img_01618,0
img_01308,57
img_04190,22
img_05040,45
img_08045,59
img_06842,72
img_02477,71
img_04788,58
img_01402,61
img_05834,65
img_02536,73
img_06007,5
img_04641,50
img_02240,91
img_05491,76
img_07431,38
img_02880,98
img_01553,85
img_00052,43
img_06201,7
img_00976,56
img_07658,64
img_00451,28
img_04852,47
img_05518,58
img_04203,42
img_04356,72
img_06542,81
img_01586,58
img_04748,76
img_06251,50
img_00614,87
img_00078,23
img_02630,26
img_00692,30
img_01748,88
img_05871,39
img_07165,81
img_06598,75
img_02766,39
img_08166,18
img_00242,79
img_01427,89
img_04799,73
img_07360,88
img_02907,73
img_06650,74
img_02692,83
img_07403,80
img_08037,92
img_03153,83
img_04168,46
img_06011,50
img_00502,93
img_02268,75
img_01909,13
img_02110,64
img_07865,80
img_02626,9
img_06966,57
img_02058,49
img_01060,40
img_05574,26
img_01760,81
img_07490,52
img_01186,1
img_04972,90
img_06249,84
img_06030,101
img_02267,8
img_00545,61
img_03375,45
img_01474,47
img_05209,70
img_02029,40
img_02301,45
img_02305,44
img_03965,89
img_06466,15
img_05346,92
img_03643,58
img_00441,98
img_07412,46
img_07555,57
img_05941,61
img_00940,46
img_01282,27
img_04318,87
img_02414,50
img_07630,61
img_03020,87
img_06764,73
img_01245,59
img_00657,96
img_02289,45
img_02120,94
img_00285,87
img_07718,75
img_06757,70
img_01453,45
img_06135,57
img_00829,86
img_06389,29
img_03727,50
img_01447,18
img_07602,75
img_08022,40
img_04003,74
img_03509,97
img_02098,93
img_06675,40
img_01222,73
img_00812,28
img_04178,43
img_02944,24
img_00281,22
img_07215,10
img_01139,101
img_07679,57
img_07475,72
img_03991,72
img_02986,93
img_07954,19
img_06550,7
img_07886,32
img_03599,53
img_07049,43
img_05128,7
img_03479,65
img_07340,87
img_04662,77
img_03608,88
img_06136,64
img_01480,1
img_01568,68
img_06950,80
img_02071,88
img_02611,74
img_04670,70
img_06426,91
img_08118,76
img_04974,85
img_01591,6
img_02951,70
img_05905,50
img_02108,47
img_00384,49
img_02376,50
img_07266,61
img_04184,88
img_03165,23
img_00012,59
img_00368,55
img_07473,88
img_04950,94
img_04599,89
img_00257,51
img_03399,77
img_02200,56
img_06834,55
img_02898,94
img_04667,49
img_01528,50
img_07336,73
img_04234,77
img_00707,86
img_01170,23
img_02576,22
img_04827,40
img_05549,70
img_01088,26
img_02913,81
img_00781,32
img_05705,21
img_00105,16
img_03879,76
img_06569,75
img_07764,77
img_02543,74
img_07510,30
img_04143,21
img_07303,3
img_03587,72
img_01070,98
img_08089,72
img_03242,80
img_00129,49
img_07864,17
img_05683,75
img_00807,4
img_06662,75
img_06585,36
img_05006,53
img_02351,87
img_07337,45
img_07406,96
img_07304,82
img_01018,40
img_05146,6
img_02254,51
img_00166,71
img_07552,7
img_03346,10
img_02463,5
img_04896,72
img_03437,35
img_07257,36
img_04173,33
img_00349,34
img_07504,88
img_00339,92
img_01022,8
img_05609,10
img_07638,22
img_05914,93
img_05205,85
img_02785,80
img_01016,85
img_00909,91
img_04193,83
img_00580,68
img_03773,69
img_04228,76
img_06119,59
img_06187,55
img_05213,11
img_06259,65
img_02401,87
img_06405,93
img_04858,19
img_07505,42
img_03084,76
img_00460,63
img_06673,55
img_01332,94
img_08182,29
img_03497,73
img_04012,22
img_06784,50
img_00375,64
img_03661,76
img_02527,29
img_02977,74
img_05450,9
img_04440,77
img_02673,23
img_00985,79
img_05047,21
img_07747,42
img_01305,13
img_01487,62
img_00632,62
img_01955,97
img_02816,45
img_02845,12
img_06009,77
img_05559,76
img_01957,55
img_00165,16
img_01390,72
img_01765,30
img_04993,67
img_01417,58
img_06785,67
img_04836,57
img_07240,94
img_03056,34
img_00212,15
img_00484,7
img_01032,88
img_05479,54
img_08063,18
img_02861,10
img_06124,31
img_02896,16
img_01817,58
img_07572,98
img_02146,91
img_06035,35
img_04156,52
img_06343,59
img_05241,93
img_02109,80
img_06685,1
img_01092,95
img_06396,73
img_02838,75
img_05108,4
img_06528,8
img_02798,28
img_03401,53
img_01161,98
img_03888,1
img_05030,73
img_05803,72
img_01730,2
img_04467,88
img_06231,94
img_04966,72
img_06451,25
img_06352,11
img_00024,64
img_05882,28
img_00273,21
img_07986,90
img_04253,22
img_00938,5
img_03654,40
img_04115,85
img_07402,10
img_04039,50
img_01718,0
img_02054,89
img_04362,40
img_02797,45
img_05702,62
img_02935,53
img_01451,33
img_05049,6
img_02509,67
img_02812,9
img_02964,74
img_05380,92
img_03435,95
img_04798,94
img_04151,50
img_00086,61
img_06472,72
img_02499,63
img_06765,58
img_07310,0
img_04249,39
img_01072,94
img_02339,99
img_01194,46
img_04717,87
img_04841,70
img_04939,76
img_07669,3
img_01819,18
img_02271,64
img_00176,17
img_00772,73
img_07990,82
img_01592,41
img_05395,76
img_02135,10
img_06240,79
img_08028,65
img_00636,20
img_02258,44
img_05966,94
img_00115,95
img_04774,3
img_01298,18
img_07351,29
img_06123,95
img_07288,50
img_06628,40
img_05668,90
img_06503,89
img_00018,75
img_02312,76
img_01382,73
img_06832,44
img_00092,25
img_07136,46
img_02241,29
img_02837,71
img_05335,94
img_06305,89
img_07970,36
img_04133,76
img_07977,5
img_01838,19
img_08109,72
img_01449,84
img_07941,79
img_03719,76
img_01209,42
img_06547,81
img_04713,61
img_07162,71
img_07979,45
img_05732,46
img_03270,47
img_04863,61
img_06720,76
img_00799,31
img_00246,101
img_00329,99
img_00160,3
img_04709,39
img_02334,73
img_05065,95
img_05330,55
img_01293,88
img_02221,82
img_07698,87
img_04240,12
img_03794,50
img_04485,72
img_00844,54
img_07432,79
img_00011,60
img_04130,9
img_02138,72
img_03749,84
img_04757,47
img_05086,3
img_06152,64
img_06746,58
img_04225,82
img_02226,73
img_04620,55
img_03350,17
img_00173,28
img_05738,86
img_02577,50
img_01906,56
img_02166,64
img_06432,83
img_05027,81
img_01530,6
img_08012,58
img_05391,1
img_00063,78
img_03054,72
img_00911,39
img_01852,63
img_01258,77
img_04417,50
img_02850,90
img_00841,35
img_07456,46
img_05772,28
img_02925,82
img_03073,97
img_03173,58
img_06437,94
img_04461,87
img_08041,76
img_07611,91
img_01471,34
img_00142,56
img_08006,74
img_00427,38
img_05474,42
img_03824,59
img_04770,73
img_07039,74
img_02315,70
img_02345,87
img_00753,68
img_06596,80
img_04086,73
img_03983,27
img_01843,85
img_04310,47
img_05997,71
img_05744,37
img_03817,89
img_02387,60
img_02415,70
img_02703,8
img_01917,84
img_02669,0
img_01303,61
img_00499,36
img_00283,94
img_06227,65
img_01826,35
img_06781,76
img_05842,55
img_05979,52
img_02872,57
img_00917,72
img_03285,86
img_03758,51
img_03739,52
img_05969,87
img_03313,35
img_01745,38
img_07523,56
img_07396,50
img_05525,29
img_05475,7
img_03675,87
img_07254,72
img_04621,42
img_02261,67
img_04558,50
img_06572,51
img_02460,22
img_04825,13
img_01428,94
img_08100,88
img_07459,88
img_00327,10
img_02767,76
img_00806,44
img_03107,87
img_05686,51
img_00992,100
img_01799,41
img_07384,71
img_00036,45
img_01944,70
img_03272,31
img_03724,81
img_00255,90
img_03339,29
img_07827,93
img_02383,57
img_00802,98
img_03049,92
img_01629,39
img_04907,27
img_05880,81
img_06983,45
img_07606,2
img_00848,68
img_05660,13
img_01058,87
img_00686,6
img_00005,83
img_05416,22
img_01741,54
img_07736,90
img_02854,77
img_01973,39
img_03959,15
img_01630,42
img_06490,8
img_02033,54
img_07798,71
img_06246,93
img_05015,94
img_06498,91
img_05016,62
img_00124,60
img_06813,51
img_00788,67
img_06667,79
img_00216,87
img_07901,50
img_00543,92
img_06790,12
img_02723,39
img_03613,88
img_07205,17
img_05840,97
img_01338,49
img_08051,72
img_07093,50
img_06657,3
img_01049,80
img_07839,50
img_04947,43
img_03129,67
img_01669,40
img_00916,59
img_00981,21
img_01127,23
img_02187,42
img_07917,36
img_02973,59
img_07192,21
img_00228,4
img_01106,21
img_00137,65
img_01966,47
img_01803,31
img_05156,88
img_07209,79
img_04065,50
img_07276,16
img_01821,27
img_00779,47
img_03144,1
img_00977,9
img_04260,90
img_00613,29
img_03008,101
img_04383,45
img_06241,0
img_05174,76
img_04905,76
img_04187,43
img_01598,100
img_01961,4
img_03820,47
img_02154,101
img_00574,81
img_08004,55
img_07121,67
img_06681,76
img_03782,10
img_03647,50
img_01465,49
img_00447,77
img_04031,85
img_02728,29
img_06749,93
img_04033,54
img_01778,72
img_00862,53
img_06648,16
img_02511,63
img_04503,67
img_06197,33
img_03592,83
img_02806,8
img_04765,69
img_01499,78
img_00685,23
img_03752,88
img_00955,82
img_04787,50
img_03833,69
img_03364,37
img_01952,13
img_03494,80
img_08032,69
img_07279,42
img_01484,45
img_07522,63
img_04660,2
img_05974,95
img_03237,76
img_04348,43
img_06890,50
img_02522,64
img_03889,88
img_07583,76
img_02359,7
img_06276,77
img_04891,43
img_00469,46
img_06512,93
img_01143,49
img_03003,3
img_07878,97
img_04707,55
img_05836,67
img_04668,61
img_06180,69
img_01312,85
img_07326,52
img_06700,47
img_02990,95
img_04407,52
img_06925,93
img_03790,64
img_04689,71
img_03235,36
img_02203,85
img_00196,77
img_01171,23
img_04790,82
img_07380,40
img_06418,61
img_08179,45
img_01805,95
img_03332,45
img_00884,67
img_04488,89
img_03562,32
img_06896,3
img_05473,29
img_06534,55
img_01385,77
img_07063,53
img_03855,3
img_07275,72
img_03679,16
img_01121,57
img_04498,18
img_05901,75
img_02554,76
img_07291,7
img_01839,67
img_00600,1
img_01616,87
img_03998,57
img_03181,58
img_01361,19
img_04859,28
img_02652,56
img_02242,93
img_07195,76
img_01486,38
img_07647,84
img_04719,36
img_03007,13
img_07562,75
img_00174,79
img_05858,59
img_00334,79
img_07935,79
img_03837,95
img_07466,59
img_00859,85
img_01230,100
img_01343,79
img_01327,20
img_07502,26
img_04686,76
img_05278,50
img_08093,97
img_06939,87
img_05251,10
img_00525,41
img_06927,79
img_00756,65
img_04218,52
img_07639,36
img_07349,19
img_03764,57
img_04111,58
img_00649,32
img_06073,87
img_03258,11
img_03754,95
img_04479,36
img_05075,81
img_03316,81
img_07021,42
img_03960,39
img_02934,78
img_07568,1
img_04600,19
img_06826,86
img_04574,90
img_05296,17
img_05517,38
img_07816,68
img_07313,100
img_06730,87
img_07352,59
img_07756,0
img_07629,74
img_00598,27
img_03477,80
img_08113,75
img_00918,89
img_06353,79
img_00250,2
img_04910,28
img_03120,58
img_06967,53
img_02649,17
img_05590,72
img_03126,87
img_03633,88
img_06871,79
img_01387,58
img_03230,60
img_03847,73
img_03247,95
img_00907,13
img_06102,88
img_03616,29
img_02091,75
img_03786,91
img_04895,72
img_08157,75
img_00495,7
img_06913,86
img_06856,45
img_04264,27
img_03859,37
img_03345,64
img_02250,35
img_01963,60
img_04372,89
img_07659,72
img_01746,18
img_03310,61
img_05262,50
img_00828,26
img_07623,52
img_04625,80
img_01235,33
img_02246,88
img_01552,4
img_01459,86
img_05481,86
img_05372,50
img_01201,28
img_01094,31
img_03393,71
img_07158,64
img_02674,78
img_01212,1
img_05798,55
img_07134,36
img_03955,73
img_07118,81
img_00551,94
img_05414,99
img_07295,57
img_00000,72
img_05087,93
img_02868,45
img_05715,49
img_02055,10
img_01890,25
img_00847,78
img_00723,21
img_03219,50
img_04024,86
img_00227,85
img_01946,93
img_04705,65
img_03653,57
img_01698,59
img_01830,101
img_02311,94
img_02825,58
img_03662,100
img_01444,76
img_00277,61
img_02746,59
img_03518,42
img_05821,50
img_08078,29
img_04912,34
img_00098,57
img_05076,50
img_07197,39
img_02859,94
img_07262,52
img_02472,43
img_00134,52
img_06536,71
img_06150,48
img_00118,59
img_06747,86
img_01862,6
img_05584,38
img_00090,12
img_03806,16
img_00508,27
img_02449,50
img_05127,76
img_00523,18
img_06391,73
img_05699,50
img_05004,14
img_03389,80
img_01083,97
img_05940,44
img_01849,74
img_01935,88
img_03343,77
img_06741,71
img_00047,29
img_02303,62
img_07582,72
img_04508,82
img_05102,99
img_05675,69
img_00945,13
img_07025,4
img_02865,54
img_03480,62
img_05512,52
img_00084,63
img_05121,77
img_03516,79
img_01450,49
img_07264,72
img_03378,74
img_03904,36
img_06807,33
img_00040,2
img_04380,28
img_07281,75
img_07541,53
img_01134,52
img_07139,75
img_06228,49
img_02307,66
img_04940,77
img_00667,21
img_00510,7
img_06051,72
img_05808,90
img_00505,41
img_04747,45
img_04208,50
img_06093,47
img_03490,82
img_05025,2
img_07395,19
img_01054,41
img_06902,59
img_06445,36
img_05669,88
img_07132,87
img_02278,63
img_03996,29
img_06678,96
img_04492,11
img_01877,82
img_06576,80
img_01310,34
img_03297,73
img_07619,15
img_03564,51
img_06416,53
img_01441,53
img_05373,55
img_07532,73
img_00389,23
img_07821,72
img_05865,98
img_04922,90
img_05625,54
img_04777,42
img_01918,36
img_04289,28
img_05133,7
img_01796,44
img_02908,41
img_04818,82
img_07726,33
img_02002,55
img_01766,72
img_04413,3
img_02253,61
img_04035,50
img_02976,7
img_07812,9
img_01954,73
img_00418,20
img_03170,79
img_04267,83
img_01029,7
img_00070,57
img_04938,73
img_02017,61
img_01270,12
img_01845,86
img_04779,51
img_03416,75
img_07437,52
img_03591,77
img_00631,44
img_05019,80
img_04195,72
img_01655,38
img_06979,72
img_02781,21
img_02371,29
img_03158,83
img_07130,50
img_00660,69
img_03238,35
img_08116,80
img_07334,64
img_03712,63
img_05578,81
img_04816,55
img_06068,51
img_03293,1
img_06610,27
img_01582,45
img_05255,28
img_07469,70
img_01811,66
img_05529,42
img_02461,101
img_07667,0
img_03910,47
img_06192,95
img_00588,14
img_02193,97
img_07805,44
img_02556,17
img_06429,4
img_01628,81
img_02372,25
img_00739,88
img_07854,60
img_06865,90
img_01377,83
img_01841,85
img_02809,21
img_04511,39
img_03636,23
img_05805,9
img_04005,94
img_04872,50
img_07032,54
img_04992,16
img_07682,80
img_05899,19
img_01994,86
img_06140,71
img_06945,42
img_00672,49
img_05790,11
img_02731,51
img_00319,9
img_04232,76
img_00413,63
img_00261,29
img_06876,93
img_06261,50
img_06293,34
img_06883,46
img_05762,37
img_00088,8
img_05306,87
img_01541,25
img_00019,87
img_01550,99
img_02777,51
img_02183,42
img_01369,46
img_07902,88
img_02774,40
img_07791,87
img_06892,55
img_07787,38
img_05398,76
img_02139,30
img_03289,50
img_03791,51
img_06003,51
img_00890,12
img_07185,7
img_00497,27
img_06243,42
img_06024,16
img_02625,17
img_00080,92
img_01034,87
img_00825,45
img_01900,69
img_07997,50
img_03065,66
img_02492,69
img_05673,21
img_05232,39
img_05999,11
img_03538,77
img_00969,39
img_01770,27
img_00220,91
img_02831,88
img_07222,45
img_05697,50
img_03164,82
img_05971,12
img_02910,80
img_00031,84
img_06918,73
img_04158,30
img_02429,24
img_05081,16
img_04175,4
img_07348,97
img_01158,65
img_02208,93
img_04690,40
img_02496,50
img_03299,94
img_01339,87
img_02991,32
img_06284,88
img_05456,33
img_05140,46
img_06223,87
img_03750,11
img_00953,92
img_08047,68
img_01498,3
img_06816,16
img_03797,80
img_02470,55
img_00202,56
img_01534,75
img_08134,42
img_07091,76
img_03308,80
img_05341,94
img_06310,51
img_04326,49
img_05632,7
img_05588,80
img_00563,83
img_05051,40
img_01772,59
img_05508,37
img_05924,88
img_00245,15
img_06175,20
img_01831,5
img_01154,16
img_05509,88
img_06894,16
img_05089,1
img_05249,88
img_07243,10
img_00240,32
img_06463,27
img_05253,77
img_07653,59
img_02077,97
img_07910,94
img_06297,10
img_02761,70
img_05984,86
img_07652,81
img_02476,74
img_00393,81
img_05995,94
img_01464,89
img_00654,93
img_06938,72
img_05623,98
img_07318,10
img_00189,20
img_06722,53
img_08115,76
img_02400,72
img_00195,28
img_08077,29
img_06637,80
img_07515,46
img_02981,91
img_07051,35
img_06982,59
img_02270,50
img_04306,4
img_07405,76
img_08104,39
img_07219,89
img_01677,82
img_04076,93
img_04885,48
img_05434,79
img_08174,45
img_01466,82
img_04565,95
img_03410,41
img_06732,55
img_04726,43
img_03246,28
img_04963,93
img_08097,57
img_02473,94
img_02053,93
img_04457,22
img_01610,96
img_04682,43
img_00531,52
img_04437,59
img_02348,25
img_03909,59
img_06232,52
img_04353,88
img_04058,97
img_05743,35
img_04786,36
img_03023,82
img_05886,13
img_06975,71
img_01721,17
img_05636,80
img_05989,7
img_04746,17
img_07470,100
img_04984,18
img_02102,5
img_02276,76
img_02282,64
img_07678,83
img_00527,88
img_05856,77
img_02112,93
img_03255,56
img_00313,28
img_01895,49
img_06112,50
img_05465,22
img_08019,14
img_04072,82
img_01512,45
img_00336,44
img_00470,11
img_02751,50
img_03895,72
img_05547,27
img_07587,60
img_05800,55
img_03145,17
img_03467,36
img_05410,22
img_06006,50
img_04192,79
img_03140,89
img_07213,29
img_00095,96
img_00533,38
img_02167,50
img_03000,25
img_06069,59
img_01431,7
img_05522,88
img_06915,22
img_02418,94
img_04010,17
img_01177,84
img_04108,90
img_04455,70
img_01278,72
img_02863,11
img_05764,43
img_04153,43
img_00351,36
img_06812,94
img_03398,45
img_04732,82
img_07996,79
img_07890,50
img_05589,49
img_00474,85
img_03966,99
img_03167,76
img_01795,15
img_07663,16
img_03862,51
img_02287,50
img_07092,97
img_05892,80
img_02209,21
img_00161,33
img_07853,73
img_06916,93
img_07824,98
img_05775,74
img_04904,36
img_02670,74
img_00796,92
img_03156,80
img_00670,21
img_07788,49
img_06360,41
img_06729,50
img_00362,62
img_04888,88
img_02648,39
img_03110,96
img_04387,50
img_07400,35
img_04562,81
img_05165,66
img_04792,82
img_03594,14
img_03347,94
img_04617,36
img_07738,55
img_01204,82
img_01163,66
img_02132,72
img_07417,96
img_02338,95
img_00121,67
img_01700,88
img_04834,76
img_05014,45
img_01394,52
img_07249,72
img_03484,92
img_00100,60
img_03062,88
img_05468,72
img_02888,97
img_06959,89
img_06368,87
img_01837,45
img_01580,78
img_04428,68
img_05291,48
img_06272,7
img_02666,60
img_04994,93
img_03515,87
img_01638,16
img_03396,55
img_06292,47
img_04909,55
img_01915,55
img_00065,23
img_07458,27
img_07573,10
img_00874,8
img_06693,16
img_00893,62
img_05667,72
img_01635,89
img_04340,72
img_06377,72
img_00590,25
img_01898,97
img_07811,1
img_02834,69
img_05713,74
img_03046,37
img_00895,86
img_01455,43
img_02998,56
img_04961,42
img_00744,5
img_01671,50
img_05199,85
img_03582,68
img_05937,5
img_02592,90
img_00493,84
img_06413,95
img_03322,19
img_00209,92
img_00989,40
img_05160,42
img_07394,83
img_02388,72
img_01886,81
img_05145,76
img_05664,67
img_06936,71
img_02423,40
img_02005,23
img_02084,35
img_07897,45
img_00652,6
img_07265,93
img_04630,40
img_05103,26
img_02525,79
img_02028,10
img_04259,78
img_00936,91
img_07842,72
img_02871,65
img_07484,77
img_02720,62
img_01122,40
img_02020,3
img_01522,8
img_06131,91
img_04624,55
img_08023,88
img_00785,10
img_05220,93
img_01373,55
img_03641,76
img_06799,72
img_01078,7
img_03397,55
img_02744,93
img_04618,100
img_03016,57
img_00333,31
img_06497,26
img_06858,94
img_00782,18
img_04752,59
img_03985,73
img_00861,59
img_02027,70
img_07560,70
img_02873,57
img_03060,18
img_06159,76
img_06260,40
img_05377,40
img_06008,93
img_01166,64
img_03328,11
img_01295,11
img_07358,87
img_01410,56
img_04328,2
img_05496,88
img_00980,99
img_02374,94
img_00428,13
img_01217,43
img_07773,53
img_02542,28
img_05958,57
img_08156,42
img_03014,23
img_05339,76
img_03918,93
img_02142,24
img_00158,50
img_03937,29
img_04791,98
img_05960,82
img_04160,13
img_00440,54
img_06951,54
img_03103,39
img_05084,40
img_05109,93
img_05008,91
img_01442,23
img_07920,80
img_07314,70
img_04946,43
img_06041,22
img_03657,80
img_00737,82
img_07062,10
img_06782,45
img_08173,36
img_01027,67
img_00132,46
img_07779,79
img_03549,93
img_02230,31
img_06647,71
img_01461,2
img_03298,81
img_06999,45
img_03857,55
img_04711,72
img_03226,75
img_01438,9
img_05480,36
img_00438,51
img_01069,42
img_08103,87
img_01927,1
img_04088,67
img_00254,24
img_05663,80
img_00584,57
img_06544,89
img_07322,10
img_02205,66
img_05302,57
img_05747,81
img_06618,75
img_01047,44
img_06258,92
img_02581,74
img_01664,66
img_02680,83
img_07958,41
img_05044,50
img_01936,47
img_01744,29
img_00762,45
img_07344,73
img_07346,5
img_01818,64
img_02119,35
img_00286,38
img_00711,61
img_01636,3
img_06450,69
img_05259,59
img_03249,55
img_06330,45
img_00903,70
img_05002,38
img_00262,29
img_03342,97
img_00396,99
img_04771,30
img_06509,82
img_04470,76
img_03576,45
img_01067,26
img_07324,43
img_07191,77
img_06631,30
img_06933,17
img_07251,71
img_01131,2
img_05425,55
img_02531,93
img_06402,42
img_06095,1
img_06912,50
img_05869,76
img_00066,70
img_04889,13
img_03977,36
img_06198,56
img_03728,100
img_03528,76
img_04906,49
img_06121,24
img_00326,66
img_00034,26
img_02458,96
img_00381,100
img_01950,28
img_06759,60
img_02892,49
img_04320,42
img_07760,54
img_07131,13
img_07971,87
img_07757,83
img_07146,41
img_03580,4
img_00694,73
img_04614,73
img_04975,25
img_08052,84
img_01044,77
img_03646,39
img_01916,47
img_04952,85
img_03903,80
img_08020,47
img_06761,72
img_07772,22
img_06443,63
img_03673,68
img_00700,99
img_00941,66
img_01468,65
img_05136,49
img_07742,98
img_01155,52
img_02340,82
img_06101,48
img_01742,83
img_08101,94
img_05264,73
img_01457,19
img_05567,21
img_01767,56
img_07135,57
img_04764,22
img_06593,17
img_03926,14
img_04611,18
img_06164,27
img_01514,32
img_00780,78
img_03638,75
img_06349,8
img_04435,73
img_01666,56
img_06357,8
img_05606,55
img_03581,55
img_02690,55
img_05618,69
img_03471,45
img_01011,41
img_05020,81
img_03113,87
img_07409,93
img_01192,63
img_02779,36
img_00722,24
img_06233,35
img_06397,52
img_06001,82
img_04429,79
img_07915,6
img_02063,45
img_00503,99
img_05063,22
img_02342,76
img_01547,19
img_05535,41
img_05820,27
img_06181,83
img_07237,32
img_01691,51
img_05321,50
img_04420,82
img_05980,72
img_00716,98
img_06998,97
img_02755,8
img_08053,88
img_07553,50
img_07761,47
img_07089,16
img_00404,0
img_01481,11
img_07866,64
img_00975,83
img_02285,7
img_03533,6
img_05647,47
img_04555,57
img_00960,89
img_04235,93
img_07867,70
img_00958,96
img_06264,99
img_05851,48
img_06695,50
img_04933,91
img_04150,81
img_02170,77
img_00117,45
img_04817,74
img_01280,21
img_07383,83
img_04654,84
img_02180,76
img_07577,50
img_05216,91
img_04029,76
img_03800,93
img_03698,96
img_02594,49
img_06753,72
img_05436,43
img_04969,94
img_06341,50
img_01324,70
img_05288,22
img_04391,64
img_07999,55
img_07057,96
img_03692,56
img_01082,6
img_05548,51
img_06027,97
img_05687,14
img_07799,69
img_05970,3
img_02920,73
img_07003,55
img_02526,7
img_01208,18
img_04916,87
img_05695,95
img_06563,57
img_05662,82
img_01736,26
img_05421,18
img_00973,100
img_06345,46
img_06770,45
img_05336,70
img_01856,38
img_01330,28
img_05652,14
img_01386,97
img_05256,83
img_05187,79
img_04520,45
img_02407,83
img_06000,71
img_00197,50
img_04469,98
img_01851,32
img_06941,80
img_04610,53
img_02319,64
img_07511,4
img_05188,67
img_06969,88
img_02421,45
img_06290,79
img_08184,50
img_05114,83
img_07277,64
img_06479,87
img_03459,74
img_04626,12
img_08076,52
img_03136,49
img_03648,43
img_01678,70
img_06996,57
img_04741,57
img_02759,20
img_02323,94
img_01779,34
img_04500,84
img_03445,58
img_03178,72
img_02223,17
img_01652,22
img_01383,64
img_05855,64
img_01038,18
img_04988,31
img_07813,1
img_05985,96
img_03125,77
img_05721,91
img_07471,100
img_01608,70
img_06952,77
img_06291,42
img_05987,78
img_01873,10
img_02574,55
img_00256,12
img_01723,16
img_01266,80
img_04044,61
img_03873,32
img_08062,72
img_03748,72
img_01840,76
img_02505,64
img_02396,76
img_02148,6
img_07399,73
img_03044,30
img_00407,73
img_06829,7
img_01173,99
img_02474,61
img_03446,67
img_07969,75
img_03578,50
img_00961,40
img_04199,97
img_03540,57
img_07953,89
img_01509,20
img_02409,4
img_05211,57
img_02046,94
img_06659,79
img_01397,65
img_03452,50
img_00462,17
img_00437,66
img_05067,68
img_07705,81
img_01871,59
img_05804,59
img_00076,90
img_04619,74
img_04226,74
img_05152,37
img_02633,58
img_05593,50
img_02341,97
img_01674,5
img_01758,22
img_03278,36
img_06332,74
img_01953,23
img_08043,98
img_06567,69
img_05415,25
img_02856,76
img_02451,76
img_04742,53
img_03978,11
img_03911,27
img_07709,42
img_05290,93
img_04358,16
img_05986,14
img_06382,97
img_04911,93
img_07992,74
img_00099,41
img_04977,40
img_00172,93
img_00589,55
img_00055,87
img_06370,67
img_07200,29
img_05542,92
img_02040,40
img_07746,11
img_03004,40
img_07655,64
img_01462,33
img_06247,85
img_01584,74
img_04285,101
img_06740,73
img_03288,68
img_02624,57
img_02165,45
img_04551,50
img_05444,2
img_02605,96
img_07269,88
img_05782,4
img_01738,41
img_03822,18
img_01665,24
img_03736,76
img_02037,98
img_06517,80
img_02402,10
img_03454,22
img_03892,21
img_05423,76
img_00136,20
img_05260,12
img_04499,45
img_05537,95
img_07778,91
img_04929,51
img_04527,100
img_06661,75
img_00693,52
img_02528,59
img_01337,96
img_02147,71
img_06900,36
img_03114,24
img_00399,55
img_07128,73
img_02820,82
img_02456,77
img_05035,19
img_05169,75
img_00823,76
img_03896,37
img_02482,31
img_06992,72
img_06577,82
img_04672,87
img_03717,9
img_01532,28
img_04057,35
img_00211,80
img_01980,101
img_00332,11
img_06810,98
img_07426,74
img_06964,83
img_04186,9
img_05783,36
img_06319,95
img_00125,81
img_07041,93
img_00028,62
img_07597,50
img_03731,60
img_04385,75
img_07203,42
img_02701,36
img_07926,47
img_01162,85
img_05864,76
img_02453,52
img_01353,67
img_07978,40
img_03063,98
img_02030,96
img_04496,50
img_02601,21
img_05907,98
img_07439,0
img_03089,50
img_07651,80
img_03155,72
img_01331,60
img_02609,14
img_02950,52
img_04344,92
img_03553,65
img_02392,72
img_03491,5
img_08105,40
img_06171,1
img_06901,74
img_00016,91
img_07073,77
img_07168,54
img_03846,83
img_03361,100
img_04716,72
img_07833,73
img_03287,76
img_00298,36
img_01563,78
img_03944,83
img_01276,81
img_04374,76
img_00039,61
img_04820,61
img_05091,15
img_02711,72
img_03919,72
img_05592,33
img_01366,36
img_06775,92
img_00758,75
img_05728,77
img_00041,54
img_00241,92
img_07955,93
img_04277,7
img_07173,88
img_00974,81
img_03083,57
img_01810,81
img_07174,25
img_08035,4
img_07271,1
img_00749,0
img_02001,65
img_01567,39
img_07448,48
img_06342,82
img_03784,49
img_00996,35
img_03495,80
img_01179,52
img_03117,59
img_03830,81
img_06350,97
img_02019,84
img_04354,38
img_01342,96
img_00827,8
img_05269,12
img_03934,40
img_01853,53
img_02829,64
img_08147,16
img_04567,40
img_06789,101
img_05933,79
img_02801,36
img_03615,45
img_05650,45
img_01207,30
img_04869,12
img_02082,94
img_02885,73
img_03374,74
img_02510,16
img_04535,4
img_04286,81
img_04775,19
img_04275,76
img_06113,45
img_07415,22
img_08085,81
img_08067,22
img_03256,72
img_03005,97
img_05353,12
img_00154,3
img_02641,9
img_01937,46
img_05113,49
img_04829,62
img_05029,15
img_05094,55
img_00902,6
img_02073,79
img_00408,60
img_03566,37
img_00585,15
img_03851,76
img_03055,73
img_00966,70
img_02318,29
img_04959,38
img_06244,57
img_07959,84
img_07190,80
img_01253,62
img_00089,28
img_05516,82
img_05735,43
img_04546,94
img_07315,26
img_01806,90
img_03470,41
img_04525,50
img_00074,5
img_02778,52
img_05654,28
img_03077,87
img_06134,69
img_06339,52
img_04442,77
img_02404,100
img_06942,56
img_04949,76
img_04480,58
img_07033,99
img_02879,75
img_03185,76
img_01688,34
img_00237,95
img_00665,48
img_04691,22
img_01903,35
img_05455,52
img_00110,69
img_02450,76
img_06436,63
img_05470,86
img_05125,58
img_06726,88
img_06515,71
img_04628,73
img_00595,33
img_00504,38
img_02171,52
img_07963,50
img_01876,31
img_05973,30
img_06299,77
img_02918,97
img_05365,91
img_00234,86
img_07071,65
img_04101,80
img_06935,81
img_06629,73
img_02211,42
img_00673,26
img_00187,54
img_05583,83
img_03048,63
img_08169,76
img_00581,22
img_04521,100
img_00579,15
img_01314,95
img_02549,31
img_00552,78
img_00385,99
img_00814,98
img_07179,87
img_05718,72
img_07904,80
img_02814,50
img_02983,4
img_01219,7
img_01045,34
img_05639,80
img_05749,74
img_03945,90
img_00736,41
img_03206,91
img_01640,14
img_01061,53
img_06727,72
img_07489,65
img_00837,58
img_08121,70
img_03921,53
img_02980,16
img_02878,42
img_04953,28
img_04973,78
img_00645,91
img_03402,94
img_07404,11
img_04756,4
img_06579,76
img_03743,26
img_06328,85
img_07928,12
img_02671,17
img_06575,50
img_00204,101
img_00101,95
img_00920,8
img_04646,57
img_04196,49
img_02985,57
img_02732,96
img_05630,71
img_05411,59
img_04269,86
img_02140,49
img_01010,50
img_00559,33
img_03771,51
img_04371,76
img_02858,76
img_06186,31
img_02676,45
img_04266,54
img_05758,59
img_07543,68
img_06960,50
img_02584,73
img_06859,69
img_05968,20
img_05056,96
img_03649,16
img_02851,48
img_06422,77
img_05068,77
img_04857,76
img_05438,94
img_00699,91
img_04013,73
img_03535,89
img_06978,99
img_01501,44
img_05192,50
img_00069,95
img_00943,21
img_05305,91
img_00729,40
img_03365,59
img_03677,95
img_06588,50
img_03284,45
img_01445,53
img_08177,71
img_04529,46
img_08007,48
img_02783,59
img_03967,88
img_02367,70
img_03333,21
img_00203,14
img_03766,48
img_04152,50
img_05602,76
img_06267,36
img_04174,28
img_07863,77
img_01000,34
img_04685,87
img_06688,19
img_03057,19
img_03241,45
img_04808,75
img_03465,50
img_00219,101
img_05959,73
img_07591,40
img_06742,56
img_02802,71
img_05366,71
img_02721,63
img_07684,83
img_04139,76
img_06161,30
img_00818,33
img_01485,67
img_04149,49
img_03666,6
img_03805,29
img_01868,8
img_01075,60
img_01297,87
img_06968,84
img_07881,88
img_01617,3
img_02582,53
img_04769,73
img_07151,35
img_01488,90
img_05823,29
img_00148,86
img_04080,43
img_01583,93
img_01732,91
img_05797,79
img_04976,30
img_01690,56
img_06934,67
img_01365,45
img_00793,0
img_00618,5
img_00774,58
img_07193,18
img_07770,68
img_07533,71
img_02794,82
img_06355,12
img_06018,86
img_07715,59
img_01020,88
img_02764,77
img_06771,82
img_02634,3
img_06294,80
img_03819,45
img_01043,81
img_00264,8
img_00826,36
img_02398,88
img_06767,73
img_00138,94
img_08044,78
img_05801,95
img_01500,5
img_07513,3
img_03010,82
img_02651,41
img_07735,11
img_00963,62
img_07043,54
img_05582,27
img_06385,62
img_04986,20
img_06855,94
img_02308,45
img_07036,11
img_05247,86
img_06514,36
img_03392,57
img_02928,73
img_08096,41
img_06167,98
img_04064,19
img_00463,95
img_05948,59
img_03883,56
img_02225,83
img_03306,0
img_01237,42
img_02994,81
img_00905,32
img_06905,36
img_07980,40
img_02550,45
img_02841,75
img_07596,93
img_02049,46
img_01657,54
img_04783,71
img_05195,35
img_04759,30
img_01505,18
img_01866,65
img_03012,88
img_07040,52
img_01923,93
img_03537,27
img_01329,4
img_02532,88
img_04074,89
img_06390,33
img_04062,22
img_03776,56
img_04643,56
img_00944,85
img_02431,55
img_05457,88
img_04664,13
img_02283,2
img_04921,43
img_06814,55
img_07940,75
img_01793,75
img_01577,79
img_07688,17
img_05946,13
img_06423,16
img_04773,49
img_02217,40
img_07627,80
img_03036,42
img_03951,42
img_05624,61
img_00522,13
img_03882,72
img_04409,77
img_04382,72
img_03565,2
img_07411,45
img_08110,79
img_05796,56
img_04046,58
img_06612,81
img_06367,94
img_06384,1
img_04140,82
img_00489,69
img_03588,76
img_01878,4
img_04239,50
img_02437,49
img_06337,56
img_03296,94
img_00231,47
img_05546,95
img_03146,85
img_03457,74
img_04415,78
img_01234,55
img_00450,33
img_03922,72
img_03209,88
img_00316,98
img_04478,55
img_05062,13
img_04054,24
img_02403,41
img_06837,77
img_01272,79
img_05949,91
img_02101,93
img_08106,46
img_02124,55
img_00364,11
img_01017,85
img_04833,28
img_02689,6
img_07238,32
img_06713,59
img_00887,61
img_04547,55
img_06848,15
img_03611,43
img_05945,14
img_04204,93
img_00507,14
img_02782,93
img_03836,73
img_02619,52
img_05343,95
img_05707,53
img_06543,29
img_03506,73
img_01349,17
img_04813,89
img_07375,45
img_03920,67
img_07010,74
img_04030,50
img_05889,76
img_07419,93
img_03163,87
img_01434,23
img_05913,22
img_04648,70
img_03021,55
img_00843,60
img_07782,35
img_05586,39
img_01645,1
img_02455,42
img_01110,55
img_07076,77
img_06300,77
img_04925,50
img_07357,32
img_00183,18
img_01041,85
img_01562,23
img_02099,79
img_02567,35
img_07922,83
img_00986,54
img_05641,94
img_03939,100
img_02860,16
img_05350,80
img_06674,46
img_03291,79
img_00712,24
img_00205,44
img_07763,52
img_06823,69
img_01596,94
img_01529,91
img_03747,50
img_03453,1
img_06502,33
img_02210,19
img_06562,57
img_03243,11
img_07217,22
img_01483,63
img_07068,88
img_08057,42
img_04069,84
img_03087,89
img_05018,48
img_00681,96
img_04894,50
img_03205,68
img_01053,0
img_02212,96
img_07443,72
img_05494,29
img_01964,87
img_03534,76
img_06210,87
img_02330,47
img_04474,73
img_04898,40
img_03468,71
img_07017,71
img_03980,62
img_04466,88
img_01649,27
img_03252,71
img_00347,66
img_07578,13
img_06225,59
img_02248,92
img_01578,50
img_01392,99
img_06948,94
img_07817,38
img_06878,40
img_05898,81
img_04532,74
img_01753,14
img_08143,72
img_02600,57
img_07006,2
img_04126,4
img_05929,73
img_03027,10
img_06331,77
img_03186,18
img_07427,64
img_00402,42
img_00836,47
img_02012,52
img_07900,25
img_01787,62
img_03964,3
img_02162,42
img_06846,49
img_00822,14
img_03319,0
img_00367,63
img_06103,44
img_01189,47
img_01662,3
img_03254,13
img_05831,18
img_00353,97
img_06156,41
img_01797,35
img_00421,91
img_00778,29
img_00341,35
img_03309,98
img_07887,80
img_02100,101
img_06831,68
img_02085,51
img_06015,76
img_07984,90
img_04918,66
img_05900,41
img_05476,95
img_04581,73
img_03665,75
img_01458,36
img_04962,86
img_07781,79
img_03411,100
img_07155,64
img_06177,80
img_04002,57
img_01545,18
img_03995,22
img_01846,7
img_03759,7
img_03371,52
img_00732,24
img_06904,76
img_04179,35
img_00379,1
img_05334,28
img_04219,28
img_03041,72
img_02972,43
img_04942,82
img_00792,41
img_02595,85
img_04924,43
img_00321,66
img_01071,12
img_02336,40
img_06578,87
img_04851,50
img_07814,64
img_05852,80
img_04214,95
img_01594,10
img_03201,45
img_03644,100
img_01273,14
img_00436,19
img_07485,64
img_05906,43
img_00866,26
img_05351,77
img_05802,45
img_06584,93
img_07161,79
img_05467,90
img_06275,101
img_08168,93
img_05600,30
img_00323,69
img_01494,47
img_04037,11
img_03891,57
img_05533,40
img_01196,98
img_01510,11
img_01138,91
img_00104,1
img_06452,74
img_00932,16
img_04728,66
img_04484,82
img_02707,14
img_00492,20
img_02061,75
img_04674,77
img_03168,31
img_03079,85
img_04629,55
img_05294,96
img_06434,64
img_00468,65
img_02034,40
img_00410,18
img_04027,70
img_02639,77
img_04766,25
img_01684,45
img_03680,80
img_05328,73
img_02620,93
img_03626,45
img_00518,73
img_06677,54
img_07498,71
img_02134,77
img_00206,2
img_03436,59
img_02118,81
img_05635,4
img_01151,60
img_03409,7
img_01517,79
img_06218,72
img_03793,43
img_01785,43
img_00491,6
img_04504,31
img_02884,11
img_03430,50
img_07397,49
img_03804,71
img_03190,46
img_06376,35
img_02274,15
img_05710,49
img_04653,76
img_01452,6
img_05761,53
img_04263,3
img_06154,29
img_07377,45
img_02621,87
img_03303,76
img_07301,77
img_03835,101
img_00201,29
img_01620,83
img_03973,36
img_01259,69
img_07369,76
img_05712,45
img_02218,60
img_05903,96
img_02638,4
img_01983,48
img_07957,50
img_04071,54
img_01725,8
img_02869,96
img_03486,72
img_04431,72
img_01809,96
img_00083,68
img_05884,70
img_01988,27
img_05876,29
img_06506,22
img_06525,28
img_00267,10
img_03069,90
img_00456,10
img_04873,80
img_04335,83
img_03182,49
img_07455,74
img_02836,61
img_07042,50
img_01790,9
img_04755,30
img_02199,66
img_07320,100
img_05554,70
img_03265,46
img_04768,45
img_06762,8
img_02122,96
img_02693,88
img_06047,45
img_00053,98
img_00934,36
img_01400,76
img_04483,39
img_05369,45
img_06176,84
img_05393,44
img_07065,45
img_06839,81
img_05497,101
img_00542,33
img_07913,16
img_06080,82
img_06880,89
img_03810,90
img_04995,97
img_05420,76
img_00169,93
img_00951,35
img_00335,81
img_06323,45
img_07574,80
img_05746,60
img_03785,95
img_06238,22
img_06961,20
img_00835,58
img_03715,100
img_01752,94
img_01773,28
img_05435,56
img_06991,20
img_06097,90
img_06193,81
img_04268,101
img_01074,37
img_08133,27
img_01747,77
img_07519,75
img_01107,14
img_00122,2
img_02603,78
img_02697,80
img_03778,60
img_00562,37
img_06590,81
img_03341,45
img_05789,80
img_06686,22
img_00937,30
img_06086,85
img_02364,55
img_05691,72
img_07244,36
img_05217,48
img_01981,25
img_04803,43
img_06877,45
img_03652,84
img_05223,82
img_06778,93
img_06928,73
img_05560,79
img_05151,78
img_03419,74
img_00072,25
img_04315,13
img_02006,98
img_07078,7
img_06211,80
img_07668,76
img_03968,79
img_00291,3
img_06899,64
img_05666,62
img_04198,62
img_05688,76
img_01897,14
img_01627,3
img_02114,21
img_03979,11
img_02260,36
img_00139,32
img_03637,77
img_05883,10
img_04089,83
img_05150,88
img_04593,22
img_00640,84
img_05879,77
img_06270,42
img_00382,5
img_02753,10
img_06841,47
img_06973,82
img_04323,87
img_03763,94
img_04566,20
img_06400,87
img_03962,48
img_01333,79
img_00831,46
img_08117,10
img_03772,56
img_00745,66
img_03455,36
img_05057,51
img_04403,50
img_00767,57
img_00511,1
img_00830,43
img_05977,66
img_02906,82
img_06460,99
img_08040,93
img_05233,16
img_00999,8
img_07870,42
img_02350,76
img_05184,36
img_02762,87
img_00127,12
img_05354,40
img_04743,50
img_03625,47
img_04632,10
img_03337,3
img_03234,82
img_00308,81
img_04571,73
img_03908,76
img_04890,76
img_05090,45
img_01482,83
img_06088,56
img_01693,99
img_05483,47
img_07103,45
img_06129,75
img_03224,75
img_02038,63
img_01199,16
img_03519,89
img_00783,64
img_06737,90
img_03957,79
img_02889,77
img_02748,34
img_07267,87
img_05402,73
img_06399,94
img_06815,40
img_06850,28
img_06130,76
img_00648,6
img_03059,46
img_04458,76
img_01368,46
img_06582,74
img_06302,40
img_01519,39
img_07425,61
img_01536,81
img_01215,86
img_07662,86
img_05422,87
img_05239,90
img_04036,93
img_00315,53
img_03513,0
img_07495,62
img_05827,82
img_03395,95
img_07082,40
img_07457,40
img_02579,29
img_01780,22
img_04681,21
img_02457,49
img_02688,83
img_05105,35
img_06214,57
img_04761,97
img_03861,21
img_04853,16
img_02568,99
img_04250,10
img_06853,72
img_00544,51
img_06239,98
img_03689,11
img_02128,27
img_00513,62
img_06316,28
img_04399,14
img_02045,45
img_01340,57
img_05616,51
img_04309,37
img_03199,2
img_06002,35
img_02654,76
img_02471,36
img_08056,98
img_02562,13
img_01970,35
img_04129,25
img_03076,36
img_04580,40
img_07622,81
img_07465,7
img_00317,76
img_00535,40
img_04127,9
img_00727,74
img_01316,58
img_06061,17
img_01033,89
img_00223,4
img_01974,86
img_04561,11
img_01893,24
img_02724,48
img_07751,83
img_00477,8
img_03330,81
img_00119,36
img_06820,82
img_06386,39
img_06917,72
img_00820,32
img_04261,71
img_04077,56
img_02730,4
img_03098,38
img_07438,29
img_07333,72
img_02462,94
img_00876,8
img_01203,60
img_08005,43
img_06408,92
img_07851,50
img_01828,42
img_01714,101
img_06361,92
img_04541,72
img_05284,57
img_04279,39
img_05745,92
img_05507,4
img_01359,39
img_06589,46
img_07501,19
img_03702,11
img_04423,82
img_00443,97
img_06745,50
img_00740,17
img_04778,45
img_07106,18
img_05180,88
img_04183,82
img_08187,76
img_02808,71
img_04842,27
img_02615,93
img_07080,50
img_05407,59
img_08049,66
img_03325,55
img_04730,64
img_03175,81
img_03732,35
img_03149,1
img_01404,52
img_05176,94
img_03417,93
img_04821,50
img_02354,94
img_02957,80
img_03722,88
img_02520,52
img_05137,42
img_07620,79
img_07797,57
img_00145,77
img_01405,93
img_02089,51
img_00624,84
img_06852,44
img_02052,72
img_04001,22
img_01345,21
img_01737,38
img_02215,63
img_06906,42
img_02614,82
img_01184,0
img_06957,62
img_07280,91
img_04998,99
img_05000,45
img_00290,81
img_00755,9
img_04016,32
img_06704,34
img_02890,64
img_01692,101
img_02563,76
img_06062,63
img_01140,35
img_06592,55
img_05319,8
img_07366,76
img_01911,2
img_07386,76
img_04495,68
img_00809,49
img_01467,51
img_03462,80
img_07581,47
img_02168,1
img_04539,75
img_05603,19
img_04633,48
img_00804,38
img_03043,79
img_07558,28
img_08075,45
img_04945,76
img_00152,53
img_06070,43
img_00803,27
img_01224,36
img_00946,96
img_00342,93
img_00175,94
img_03064,16
img_06366,21
img_04167,101
img_03999,41
img_02266,69
img_07163,17
img_07345,45
img_07801,46
img_04067,42
img_01922,62
img_02433,36
img_06891,75
img_07088,93
img_01625,71
img_06800,47
img_00610,37
img_04954,38
img_05530,16
img_06308,93
img_02353,28
img_00939,51
img_06791,83
img_00266,29
img_04814,72
img_05178,72
img_01257,92
img_00634,37
img_05677,45
img_05116,29
img_03902,55
img_02629,75
img_04317,36
img_08017,65
img_07260,59
img_05045,18
img_06879,17
img_02647,22
img_00846,71
img_04793,82
img_00014,87
img_00914,52
img_06898,73
img_06021,76
img_01570,97
img_07707,101
img_08128,26
img_05096,4
img_03827,86
img_03104,65
img_00921,75
img_05202,40
img_01448,62
img_06604,7
img_00607,76
img_02111,76
img_02070,73
img_04639,81
img_02597,70
img_07020,45
img_07430,51
img_03899,68
img_03627,61
img_05452,77
img_02513,58
img_04704,97
img_00597,23
img_01090,2
img_06491,31
img_04313,73
img_05786,96
img_07643,6
img_04045,64
img_00570,69
img_01492,91
img_00524,24
img_01705,12
img_04849,54
img_03370,46
img_00908,75
img_06811,75
img_03050,3
img_03639,80
img_03240,25
img_01304,64
img_04206,72
img_01971,64
img_04256,96
img_01934,20
img_06059,73
img_06554,31
img_05059,55
img_01289,87
img_01030,75
img_01985,50
img_04265,71
img_01931,48
img_03275,65
img_03081,88
img_00860,14
img_04433,45
img_00557,74
img_05665,80
img_02587,41
img_02065,24
img_07188,88
img_00310,0
img_06744,87
img_00457,86
img_02328,65
img_01183,0
img_05037,79
img_03221,40
img_06166,36
img_04132,73
img_02016,6
img_06311,89
img_04676,100
img_04327,72
img_04879,58
img_02088,77
img_01646,76
img_06266,86
img_02987,37
img_04303,91
img_06110,50
img_07367,101
img_00532,13
img_02041,76
img_00879,71
img_07694,85
img_07047,80
img_02747,87
img_07731,91
img_01025,52
img_02150,11
img_06549,96
img_00536,34
img_04439,90
img_00331,10
img_05397,94
img_07429,45
img_03986,76
img_00434,58
img_02874,73
img_03751,57
img_02219,64
img_01685,71
img_02793,73
img_05867,36
img_00422,88
img_07931,100
img_00029,95
img_03259,59
img_08165,59
img_06736,64
img_03326,58
img_03936,87
img_03990,75
img_06709,28
img_05678,74
img_01005,43
img_07531,87
img_02958,52
img_04090,45
img_01172,21
img_00642,60
img_07844,89
img_06719,94
img_00325,19
img_06048,95
img_00352,53
img_04227,16
img_00001,84
img_08124,76
img_07067,64
img_02245,45
img_00731,97
img_01105,100
img_01306,93
img_03418,80
img_04864,82
img_06071,59
img_00500,47
img_01557,48
img_07382,89
img_04212,35
img_04446,59
img_04908,80
img_05576,4
img_01436,82
img_00578,49
img_05692,98
img_06845,62
img_04081,65
img_03792,58
img_06189,73
img_00346,94
img_07286,42
img_07644,88
img_04645,82
img_03555,74
img_04695,50
img_04760,34
img_02195,88
img_05120,69
img_00724,100
img_06523,76
img_00284,22
img_00603,97
img_06043,76
img_01604,63
img_01624,100
img_05458,35
img_03218,50
img_04782,52
img_00987,86
img_00247,38
img_03928,82
img_04586,81
img_07152,87
img_05023,49
img_00930,12
img_02655,17
img_01261,46
img_03577,50
img_04397,71
img_07037,76
img_01059,42
img_01221,10
img_04616,75
img_06510,88
img_00808,69
img_05388,43
img_03685,1
img_07392,77
img_04104,76
img_00292,28
img_02178,55
img_02955,88
img_07172,88
img_00397,31
img_00344,77
img_02805,73
img_02430,77
img_05342,87
img_08120,16
img_04588,72
img_07422,49
img_00910,65
img_01123,65
img_02519,89
img_04914,81
img_05252,27
img_03520,60
img_02003,15
img_04284,59
img_04678,42
img_03651,43
img_00664,68
img_04207,52
img_07056,76
img_07401,51
img_02479,28
img_03755,47
img_03033,88
img_00406,99
img_04989,87
img_05894,42
img_05597,82
img_00274,65
img_06172,16
img_06356,22
img_04465,17
img_04830,34
img_00280,42
img_00265,94
img_06559,82
img_07261,88
img_01191,36
img_03723,56
img_02737,77
img_04296,57
img_04990,16
img_06169,77
img_06665,89
img_07556,16
img_03779,52
img_07861,82
img_03269,84
img_02494,76
img_01393,96
img_06889,70
img_05920,46
img_06886,73
img_04603,8
img_06351,67
img_03018,88
img_05752,87
img_03424,93
img_06469,42
img_00675,24
img_00222,83
img_05225,77
img_00998,91
img_05505,90
img_07085,66
img_03463,52
img_03704,93
img_02202,72
img_04332,77
img_07874,74
img_01490,12
img_02662,45
img_01656,30
img_01998,42
img_06953,45
img_02919,86
img_01243,48
img_03825,66
img_00008,40
img_04934,53
img_00079,0
img_01176,41
img_03865,76
img_07270,73
img_01056,5
img_07157,87
img_00057,75
img_05315,84
img_06725,77
img_07825,47
img_03015,88
img_05598,47
img_05918,70
img_07359,51
img_01336,29
img_00439,74
img_01200,35
img_00564,72
img_03263,88
img_05028,85
img_04427,71
img_00082,16
img_01231,31
img_05594,74
img_05428,61
img_08033,56
img_03183,71
img_02256,42
img_06635,44
img_00748,48
img_05101,12
img_04772,50
img_00305,44
img_01749,20
img_02032,57
img_05731,96
img_06442,72
img_07563,24
img_02771,100
img_00371,50
img_05740,72
img_01419,60
img_06449,35
img_03548,41
img_02417,61
img_02555,74
img_00601,65
img_02010,67
img_05608,40
img_06335,50
img_07730,64
img_06671,1
img_01497,100
img_03321,90
img_07144,71
img_07183,54
img_05806,59
img_04120,89
img_05061,32
img_05841,87
img_06045,7
img_03277,87
img_08094,97
img_04698,11
img_06614,28
img_05904,76
img_05485,87
img_07079,54
img_02121,81
img_05317,87
img_00701,39
img_05463,79
img_00478,53
img_07011,50
img_02306,74
img_01375,14
img_05123,11
img_04082,26
img_00278,82
img_05965,59
img_06477,59
img_05445,88
img_06067,55
img_01396,18
img_03072,72
img_03273,65
img_02136,18
img_07685,87
img_03848,74
img_03425,94
img_07245,87
img_06606,79
img_00817,4
img_05633,52
img_02974,50
img_00596,88
img_03267,90
img_07503,82
img_01926,16
img_06184,5
img_01169,49
img_03711,80
img_02469,28
img_06897,43
img_03811,81
img_01869,62
img_07285,77
img_03093,3
img_04395,22
img_06252,76
img_07296,51
img_05682,9
img_06649,81
img_04109,21
img_00049,11
img_02011,19
img_00419,94
img_00455,90
img_04514,95
img_00328,85
img_04464,79
img_01197,1
img_01595,11
img_06599,76
img_02933,96
img_01004,89
img_00901,12
img_06470,68
img_03115,76
img_03304,61
img_01473,58
img_08154,20
img_05304,70
img_01676,82
img_05443,74
img_02978,79
img_03384,50
img_00703,11
img_02514,80
img_02332,99
img_05430,50
img_03605,50
img_00230,82
img_05693,43
img_06652,24
img_07177,74
img_07995,94
img_03607,47
img_00687,35
img_02769,28
img_03925,62
img_04272,77
img_01901,56
img_06731,93
img_03210,87
img_06679,88
img_06712,81
img_06773,58
img_05279,87
img_01035,86
img_01287,41
img_07153,82
img_05614,48
img_07542,71
img_06680,0
img_05862,77
img_05215,75
img_02789,98
img_00464,25
img_05532,76
img_01860,37
img_01712,45
img_05297,73
img_05930,76
img_04871,22
img_05071,82
img_03716,76
img_07677,3
img_06285,52
img_07462,97
img_02050,73
img_04699,83
img_05817,59
img_06439,22
img_07989,93
img_00577,9
img_08160,31
img_00617,76
img_06586,52
img_06798,87
img_04680,62
img_04361,50
img_04034,69
img_00177,30
img_06304,72
img_06663,51
img_06553,49
img_07628,80
img_03442,17
img_03029,40
img_05515,17
img_06028,27
img_07945,51
img_02419,88
img_06125,43
img_02826,31
img_02485,40
img_05818,34
img_01115,84
img_01202,17
img_07140,44
img_01503,36
img_04935,69
img_06971,80
img_04613,76
img_00147,6
img_07547,85
img_00845,96
img_02399,93
img_06976,8
img_03179,74
img_00892,57
img_06940,93
img_04102,75
img_01848,37
img_06273,52
img_00023,20
img_07571,45
img_02273,5
img_01661,9
img_06194,76
img_03952,73
img_07393,89
img_07102,87
img_05680,47
img_00487,43
img_06325,37
img_06728,82
img_05676,93
img_04050,72
img_06923,74
img_05983,55
img_00446,67
img_07601,101
img_03510,50
img_02214,61
img_00554,9
img_00061,38
img_01251,74
img_00345,97
img_00684,21
img_04456,75
img_03501,28
img_07233,7
img_01256,92
img_04154,53
img_05432,51
img_07785,69
img_06875,73
img_03162,73
img_03585,79
img_01091,25
img_00566,30
img_01984,12
img_02234,57
img_05312,89
img_03511,4
img_01763,22
img_02727,97
img_02886,55
img_01784,94
img_03492,52
img_00140,0
img_07559,70
img_04878,89
img_07107,72
img_07943,7
img_02292,57
img_01456,59
img_00415,26
img_03403,57
img_03738,97
img_00768,6
img_06234,88
img_04502,93
img_03729,6
img_07914,13
img_07298,48
img_04247,1
img_05194,76
img_08042,83
img_02586,68
img_06817,93
img_00390,71
img_01153,14
img_00233,34
img_02206,50
img_00679,98
img_02385,20
img_02596,43
img_02982,92
img_05519,43
img_06551,76
img_03841,76
img_05495,17
img_06988,21
img_03294,73
img_02971,48
img_03122,40
img_05088,11
img_00730,58
img_05942,17
img_02025,21
img_02358,97
img_00056,75
img_06946,52
img_01006,73
img_07306,84
img_06769,95
img_04870,45
img_01599,74
img_05996,81
img_03434,100
img_07182,32
img_07879,73
img_07956,57
img_02661,55
img_00766,77
img_02733,93
img_07099,39
img_04592,15
img_07576,45
img_05690,11
img_02965,39
img_03088,18
img_05139,34
img_08149,30
img_06016,4
img_07942,89
img_01995,7
img_01880,31
img_02758,55
img_06487,84
img_04170,93
img_00378,80
img_00430,19
img_01711,62
img_00488,42
img_01423,33
img_03108,20
img_05374,45
img_06162,14
img_04059,29
img_05337,45
img_02123,48
img_08146,94
img_00913,15
img_06120,73
img_05409,42
img_07372,87
img_06010,64
img_00880,23
img_05704,71
img_02069,72
img_03523,71
img_01477,17
img_06668,40
img_02745,57
img_04932,13
img_06620,22
img_06406,89
img_07575,88
img_04802,80
img_03583,87
img_04572,10
img_04536,70
img_07181,87
img_00318,101
img_05203,14
img_00997,4
img_06257,3
img_07111,72
img_00885,60
img_05538,63
img_01641,6
img_03708,33
img_04534,81
img_04913,93
img_01945,100
img_01274,68
img_07223,43
img_01430,43
img_04582,5
img_06160,80
img_01118,39
img_02590,87
img_03597,56
img_01681,97
img_02819,80
img_03997,10
img_07695,70
img_05418,80
img_02573,76
img_07699,10
img_02116,17
img_04531,43
img_07509,95
img_06202,16
img_05385,72
img_04591,65
img_01416,77
img_07246,94
img_00891,71
img_00307,82
img_03433,73
img_01403,79
img_08138,82
img_05617,86
img_02740,45
img_00752,71
img_02405,76
img_07714,79
img_05570,68
img_02960,79
img_07492,40
img_01975,92
img_03927,29
img_00870,20
img_07476,94
img_04453,48
img_04314,54
img_03931,96
img_06256,88
img_02613,51
img_03863,76
img_06777,60
img_03095,39
img_04389,49
img_02929,78
img_02436,70
img_03545,80
img_01504,33
img_07554,72
img_05370,80
img_03078,41
img_02993,88
img_04553,40
img_06683,76
img_07287,32
img_03151,10
img_05620,54
img_07451,50
img_06262,17
img_05459,42
img_05935,95
img_04697,58
img_06116,74
img_01607,45
img_05610,77
img_04021,12
img_04651,1
img_05722,87
img_02653,76
img_02231,50
img_06828,82
img_03881,84
img_01042,84
img_07160,54
img_00538,56
img_05287,51
img_07061,62
img_07859,36
img_08081,88
img_02915,88
img_08074,49
img_00485,16
img_01637,9
img_04404,16
img_01556,44
img_07108,9
img_07810,67
img_04304,80
img_00271,1
img_06803,73
img_01697,68
img_01193,25
img_01252,24
img_05441,73
img_04341,45
img_06139,57
img_02687,87
img_01126,42
img_03112,37
img_00702,64
img_03706,95
img_03202,93
img_03357,27
img_02059,75
img_02349,35
img_05975,22
img_06265,8
img_02481,56
img_01941,2
img_04854,76
img_06632,59
img_01216,53
img_05357,62
img_02572,10
img_06717,46
img_07081,16
img_01228,74
img_06752,97
img_00619,93
img_07445,88
img_06519,81
img_01149,80
img_04608,10
img_02757,29
img_07741,75
img_01951,19
img_06066,88
img_00288,14
img_00309,84
img_03618,24
img_06644,70
img_01750,8
img_03787,45
img_04482,50
img_06937,93
img_00361,92
img_02772,53
img_05585,56
img_06634,82
img_04271,12
img_06893,54
img_02151,73
img_02337,50
img_00420,15
img_06882,69
img_07499,49
img_03913,76
img_07171,23
img_06639,81
img_01109,5
img_04288,90
img_06410,4
img_03166,30
img_03276,73
img_07871,40
img_00208,74
img_06278,72
img_03880,45
img_04837,64
img_04602,73
img_06475,93
img_07569,68
img_00734,79
img_03440,50
img_06624,56
img_07745,72
img_03866,52
img_00797,26
img_03838,28
img_03924,55
img_05352,30
img_01611,50
img_06065,72
img_04776,88
img_01606,91
img_02320,100
img_06324,32
img_02420,49
img_05482,76
img_00458,5
img_05379,93
img_05854,94
img_03373,1
img_05368,94
img_05708,64
img_01142,93
img_02310,76
img_03038,42
img_02824,74
img_04099,46
img_05579,72
img_04103,76
img_07018,28
img_04430,54
img_04753,80
img_06672,76
img_07907,64
img_04780,67
img_07141,4
img_02541,49
img_02411,50
img_05471,17
img_04281,17
img_07029,94
img_01195,24
img_05175,80
img_06908,64
img_05492,11
img_02427,50
img_05417,87
img_07027,90
img_01683,66
img_07284,48
img_00811,26
img_01925,51
img_05848,82
img_06754,90
img_04476,80
img_03514,88
img_08183,85
img_03051,38
img_08172,75
img_08000,5
img_06283,54
img_03834,94
img_05711,73
img_04489,3
img_06118,76
img_04931,88
img_07691,91
img_01019,15
img_07463,7
img_06653,89
img_00931,11
img_05993,88
img_00236,48
img_07750,43
img_02220,87
img_07289,64
img_06204,84
img_03984,50
img_04169,17
img_02131,51
img_00167,27
img_04028,14
img_06862,76
img_03324,76
img_05185,82
img_03198,93
img_01538,43
img_01516,63
img_06795,96
img_03438,93
img_07235,74
img_06359,42
img_00567,5
img_00188,83
img_00416,77
img_06064,57
img_02523,77
img_07666,36
img_04078,34
img_05124,60
img_03650,50
img_01378,73
img_06857,77
img_03143,7
img_01858,63
img_02426,43
img_01949,25
img_03695,76
img_03932,39
img_02942,42
img_03914,76
img_03849,88
img_05164,80
img_04901,75
img_01938,23
img_00750,56
img_06706,62
img_03354,97
img_02704,11
img_05132,17
img_05318,73
img_07016,78
img_03571,45
img_01996,99
img_05439,79
img_07002,12
img_06100,86
img_06440,3
img_05816,40
img_07930,75
img_07323,19
img_06419,93
img_07934,88
img_04096,45
img_00068,30
img_01233,63
img_02897,51
img_04091,29
img_02464,100
img_05807,19
img_00644,83
img_02079,85
img_06801,45
img_04638,75
img_02672,42
img_00787,13
img_05003,21
img_06601,7
img_05041,45
img_06005,84
img_03542,50
img_04406,17
img_06022,32
img_02883,58
img_07101,64
img_02501,10
img_01759,29
img_02422,54
img_01561,13
img_04524,54
img_00872,3
img_06141,61
img_00467,25
img_01439,90
img_07387,6
img_00067,79
img_05739,45
img_05254,24
img_05644,42
img_01891,0
img_04903,95
img_01518,69
img_05182,74
img_03690,89
img_00224,101
img_06914,94
img_02106,22
img_06555,95
img_00964,87
img_08163,76
img_06529,23
img_05780,80
img_05972,54
img_03663,88
img_01801,78
img_07860,41
img_00894,19
img_04000,93
img_05464,89
img_02442,54
img_02612,7
img_06362,11
img_04047,28
img_03976,77
img_03761,40
img_06944,37
img_08161,2
img_02795,73
img_03187,88
img_07737,67
img_05919,45
img_02238,11
img_02996,85
img_04899,58
img_02169,47
img_02659,65
img_03972,40
img_00263,56
img_02616,80
img_07650,73
img_02695,49
img_04569,95
img_08150,42
img_03860,47
img_05454,10
img_04019,36
img_00833,68
img_02975,34
img_04061,93
img_01807,101
img_04650,97
img_05295,22
img_05490,95
img_04865,80
img_01874,95
img_07507,38
img_04545,4
img_07847,71
img_02066,95
img_00429,37
img_03090,88
img_05672,79
img_04554,35
img_03444,95
img_05833,51
img_01879,70
img_06641,100
img_05978,15
img_07625,77
img_02013,83
img_06581,21
img_03380,36
img_01804,49
img_05110,20
img_00343,7
img_03940,21
img_06943,7
img_07641,76
img_08151,75
img_05563,74
img_04106,11
img_00810,74
img_02839,90
img_07815,81
img_05011,82
img_06077,3
img_05077,46
img_06327,56
img_04754,95
img_07838,86
img_04241,45
img_03780,7
img_03464,8
img_05830,35
img_01460,39
img_04384,10
img_08080,52
img_03659,72
img_02569,22
img_03197,7
img_06321,53
img_01079,30
img_07496,7
img_00629,33
img_04486,60
img_00970,51
img_07001,89
img_07749,57
img_08130,45
img_05992,27
img_00819,67
img_00448,24
img_05938,25
img_07364,36
img_00130,43
img_07803,57
img_03530,81
img_02448,35
img_01009,45
img_05826,92
img_06984,73
img_06063,39
img_05893,50
img_04287,80
img_04683,100
img_00033,41
img_03067,77
img_00512,59
img_01470,71
img_06833,94
img_03691,72
img_03877,37
img_06524,73
img_07468,39
img_00276,28
img_02412,75
img_07840,52
img_04744,17
img_04544,55
img_06619,81
img_06970,93
img_06049,81
img_02060,57
img_00526,82
img_07993,52
img_07768,49
img_00260,50
img_03124,57
img_02281,72
img_01575,39
img_01028,94
img_07454,55
img_07122,10
img_06486,72
img_06721,22
img_07214,74
img_03017,45
img_02316,28
img_02397,30
img_01755,37
img_07998,49
img_08030,83
img_00942,7
img_04826,69
img_06869,69
img_05885,75
img_00366,72
img_00026,40
img_07806,35
img_07603,54
img_02465,64
img_07527,48
img_01639,71
img_07343,11
img_02373,40
img_04245,94
img_02852,47
img_04971,72
img_00582,51
img_00258,65
img_07588,42
img_05689,91
img_02640,61
img_08031,69
img_01389,66
img_08188,7
img_02970,93
img_01279,15
img_02830,50
img_04724,24
img_04379,50
img_00097,36
img_06558,31
img_05100,97
img_01130,34
img_04767,11
img_04055,80
img_05645,32
img_04292,29
img_03220,98
img_07379,0
img_01407,9
img_05774,98
img_03217,27
img_00988,96
img_06078,77
img_04338,70
img_07239,45
img_00815,77
img_08135,26
img_03777,45
img_02441,95
img_03808,16
img_07646,58
img_07083,75
img_05052,74
img_03228,34
img_05183,40
img_05054,80
img_08083,4
img_08180,42
img_05502,71
img_06459,70
img_00790,1
img_00249,82
img_05389,74
img_02604,7
img_04070,55
img_05733,90
img_07434,87
img_07120,73
img_06806,76
img_05005,79
img_00771,44
img_07835,91
img_04570,64
img_01065,44
img_05236,27
img_07325,77
img_02265,11
img_01823,96
img_04652,29
img_02926,77
img_04805,82
img_02735,50
img_03508,70
img_01328,69
img_04804,51
img_00612,77
img_02445,27
img_02204,59
img_02932,4
img_00714,47
img_06548,72
img_03100,83
img_00919,10
img_03742,50
img_01605,82
img_06263,73
img_00540,14
img_07477,76
img_00380,67
img_07807,76
img_03953,45
img_04557,63
img_07919,63
img_00877,22
img_05909,80
img_07520,74
img_01609,33
img_03377,7
img_02938,59
img_00855,71
img_06836,54
img_02742,68
img_03567,35
img_05700,32
img_04370,88
img_01523,99
img_00560,100
img_05932,97
img_05828,45
img_02185,31
img_03227,57
img_03407,85
img_07579,37
img_01286,46
img_02835,54
img_07605,80
img_06012,50
img_06617,81
img_02243,68
img_02369,50
img_07975,40
img_01086,101
img_01023,37
img_08099,29
img_04189,83
img_06421,97
img_06474,89
img_07748,46
img_07906,12
img_05768,25
img_01425,92
img_01344,24
img_06040,17
img_07648,61
img_01672,17
img_03923,29
img_04222,91
img_06714,65
img_05982,42
img_03512,50
img_04875,50
img_03422,27
img_00688,31
img_05655,45
img_02486,59
img_01565,67
img_04322,57
img_06623,53
img_07242,72
img_03133,51
img_07258,11
img_00111,34
img_01133,12
img_03367,80
img_07857,29
img_07889,74
img_04693,95
img_05730,87
img_05952,73
img_06115,88
img_07758,76
img_06153,95
img_00025,89
img_02953,86
img_00904,22
img_03557,42
img_04475,29
img_06484,64
img_01401,64
img_02984,18
img_02715,74
img_04331,68
img_02535,21
img_07539,27
img_02840,16
img_05726,10
img_07444,15
img_06026,7
img_01495,50
img_00713,54
img_06074,46
img_07353,73
img_03414,77
img_05988,87
img_07972,40
img_01997,59
img_05888,68
img_06860,57
img_03901,36
img_06404,50
img_04848,93
img_01546,37
img_02424,57
img_04366,27
img_06235,83
img_06034,0
img_04166,23
img_05723,65
img_07330,45
img_03429,13
img_00954,30
img_07234,71
img_00677,44
img_05280,76
img_04712,97
img_07248,50
img_06840,19
img_03664,87
img_05010,69
img_07290,10
img_02560,27
img_06354,99
img_07753,40
img_06646,78
img_03458,88
img_03320,25
img_01507,66
img_05472,17
img_01602,101
img_03349,40
img_00272,1
img_03040,79
img_00696,19
img_05104,84
img_04831,65
img_05729,17
img_01564,90
img_02127,32
img_07645,11
img_02631,51
img_04734,73
img_05361,54
img_01290,65
img_05281,56
img_06919,75
img_02570,89
img_04451,2
img_02115,46
img_05316,59
img_06441,94
img_01825,63
img_02559,29
img_05794,76
img_05795,42
img_03757,94
img_07722,16
img_06465,72
img_05500,72
img_03969,88
img_06827,93
img_07058,90
img_03740,40
img_05219,68
img_05229,97
img_04008,83
img_05769,40
img_04540,81
img_04336,39
img_04163,35
img_00760,42
img_03831,49
img_04840,53
img_08126,36
img_04677,80
img_02599,22
img_02847,99
img_05324,51
img_06495,98
img_01002,48
img_01097,9
img_05227,50
img_01729,92
img_06669,23
img_07204,64
img_01540,29
img_05462,1
img_04811,82
img_02159,42
img_07274,88
img_06055,10
img_00215,40
img_03212,73
img_01857,35
img_00728,37
img_01573,99
img_04087,10
img_04796,50
img_06237,79
img_03929,88
img_03726,28
img_01597,4
img_00405,95
img_07912,10
img_07929,74
img_06756,56
img_07672,59
img_01424,20
img_07872,66
img_03992,69
img_00251,63
img_04125,52
img_07793,35
img_05266,7
img_04819,26
img_00993,72
img_05167,2
img_04223,42
img_04647,7
img_07836,80
img_02827,42
img_01910,40
img_01214,64
img_04185,17
img_03161,27
img_03496,93
img_06545,27
img_03655,37
img_04843,83
img_03559,32
img_04868,45
img_03415,84
img_07388,42
img_05424,50
img_05197,74
img_01614,93
img_04434,46
img_02304,31
img_03884,50
img_02923,74
img_00143,3
img_02047,19
img_06682,61
img_05442,40
img_01977,83
img_03116,58
img_01589,22
img_07895,45
img_06128,80
img_04316,71
img_03658,80
img_02529,73
img_08144,22
img_07880,88
img_03818,46
img_02643,87
img_00726,45
img_06296,64
img_02729,76
img_08002,72
img_03974,88
img_04040,71
img_05643,49
img_01411,52
img_05066,94
img_06371,82
img_01686,100
img_07418,80
img_01972,15
img_06096,11
img_07390,89
img_02232,88
img_06032,88
img_00020,58
img_02160,49
img_00915,20
img_03099,96
img_03215,95
img_04526,99
img_01506,91
img_02546,83
img_03872,37
img_04671,90
img_05575,39
img_00259,70
img_08108,43
img_00719,36
img_00638,97
img_06480,57
img_04577,90
img_06981,14
img_06821,80
img_05257,50
img_02321,80
img_04402,90
img_06851,95
img_03071,28
img_04351,17
img_03660,51
img_04549,17
img_03421,64
img_02857,49
img_04725,60
img_05742,93
img_06106,101
img_02815,50
img_05897,65
img_00735,68
img_05963,53
img_04408,23
img_06083,9
img_04881,50
img_00198,42
img_04422,93
img_07734,82
img_02021,26
img_00168,41
img_03353,46
img_00794,73
img_06453,50
img_05022,76
img_03359,19
img_04343,82
img_03336,22
img_00042,39
img_03701,98
img_05177,1
img_04084,44
img_02642,57
img_05050,88
img_08018,87
img_05717,87
img_02966,5
img_00226,23
img_05679,41
img_08131,40
img_07354,13
img_03213,56
img_06346,64
img_00926,34
img_03487,80
img_08059,42
img_05340,95
img_02979,93
img_02681,94
img_01593,98
img_07004,93
img_02564,82
img_07680,64
img_05300,94
img_02539,98
img_07924,54
img_06783,52
img_01603,16
img_05845,95
img_04097,30
img_06533,54
img_05012,95
img_04559,27
img_05776,49
img_05042,94
img_02500,82
img_00572,31
img_01814,32
img_06924,83
img_03543,77
img_02344,26
img_04729,13
img_07693,72
img_05282,88
img_04116,42
img_02222,40
img_04449,52
img_04944,10
img_07236,87
img_05228,49
img_04740,37
img_02452,2
img_07631,21
img_01213,74
img_02277,84
img_01496,51
img_07194,82
img_08010,19
img_07962,96
img_00363,59
img_01145,30
img_05460,45
img_05736,88
img_04352,86
img_06989,40
img_02014,80
img_07964,10
img_00398,74
img_05069,73
img_04491,50
img_03795,32
img_07014,15
img_06805,76
img_08084,76
img_01246,8
img_00030,16
img_04640,88
img_02948,79
img_00801,54
img_02602,75
img_05724,22
img_02904,42
img_05950,50
img_01786,59
img_05073,70
img_04098,84
img_05544,7
img_05181,88
img_01847,3
img_07224,97
img_05060,43
img_00553,17
img_04330,37
img_07719,43
img_01003,57
img_02416,30
img_07159,51
img_07110,42
img_06132,41
img_04679,88
img_04915,64
img_03935,55
img_00482,51
img_06788,33
img_03684,17
img_04376,81
img_07580,78
img_02882,91
img_02712,76
img_05277,43
img_05513,62
img_07675,47
img_08125,43
img_04201,45
img_06520,93
img_04134,50
img_07767,50
img_06843,16
img_01321,74
img_06987,72
img_02921,39
img_07339,47
img_02466,19
img_02770,59
img_01612,90
img_02064,45
img_06221,84
img_01989,59
img_04377,5
img_00671,53
img_01707,78
img_04573,50
img_01734,80
img_04194,90
img_00141,53
img_03912,72
img_07985,9
img_03431,32
img_05763,42
img_00741,31
img_08167,57
img_01493,37
img_02039,43
img_05994,88
img_05760,45
img_01791,65
img_04339,86
img_01362,37
img_02887,50
img_00021,79
img_07823,50
img_06926,86
img_03885,42
img_05331,42
img_01051,78
img_03061,59
img_02997,60
img_07228,58
img_01924,69
img_05646,47
img_01757,39
img_00096,87
img_02181,88
img_05637,77
img_01881,99
img_00114,96
img_07263,74
img_06930,85
img_02390,36
img_04233,40
